Commodity,Ticker,Date,ForecastPrice,Step
Corn Futures,ZC=F,2026-05-13,340.8,1
Corn Futures,ZC=F,2026-05-14,341.43,2
Corn Futures,ZC=F,2026-05-15,342.07,3
Corn Futures,ZC=F,2026-05-18,342.7,4
Corn Futures,ZC=F,2026-05-19,343.34,5
Corn Futures,ZC=F,2026-05-20,343.97,6
Corn Futures,ZC=F,2026-05-21,344.61,7
Corn Futures,ZC=F,2026-05-22,345.24,8
Corn Futures,ZC=F,2026-05-25,345.88,9
Corn Futures,ZC=F,2026-05-26,346.51,10
Corn Futures,ZC=F,2026-05-27,347.15,11
Corn Futures,ZC=F,2026-05-28,347.78,12
Corn Futures,ZC=F,2026-05-29,348.42,13
Corn Futures,ZC=F,2026-06-01,349.05,14
Corn Futures,ZC=F,2026-06-02,349.69,15
Corn Futures,ZC=F,2026-06-03,350.32,16
Corn Futures,ZC=F,2026-06-04,350.96,17
Corn Futures,ZC=F,2026-06-05,351.59,18
Corn Futures,ZC=F,2026-06-08,352.23,19
Corn Futures,ZC=F,2026-06-09,352.86,20
Corn Futures,ZC=F,2026-06-10,353.5,21
Corn Futures,ZC=F,2026-06-11,354.13,22
Corn Futures,ZC=F,2026-06-12,354.77,23
Corn Futures,ZC=F,2026-06-15,355.4,24
Corn Futures,ZC=F,2026-06-16,356.04,25
Corn Futures,ZC=F,2026-06-17,356.67,26
Corn Futures,ZC=F,2026-06-18,357.31,27
Corn Futures,ZC=F,2026-06-19,357.94,28
Corn Futures,ZC=F,2026-06-22,358.58,29
Corn Futures,ZC=F,2026-06-23,359.21,30
Wheat Futures,ZW=F,2026-05-13,370.25,1
Wheat Futures,ZW=F,2026-05-14,369.51,2
Wheat Futures,ZW=F,2026-05-15,368.76,3
Wheat Futures,ZW=F,2026-05-18,368.02,4
Wheat Futures,ZW=F,2026-05-19,367.28,5
Wheat Futures,ZW=F,2026-05-20,366.54,6
Wheat Futures,ZW=F,2026-05-21,365.8,7
Wheat Futures,ZW=F,2026-05-22,365.05,8
Wheat Futures,ZW=F,2026-05-25,364.31,9
Wheat Futures,ZW=F,2026-05-26,363.57,10
Wheat Futures,ZW=F,2026-05-27,362.83,11
Wheat Futures,ZW=F,2026-05-28,362.09,12
Wheat Futures,ZW=F,2026-05-29,361.34,13
Wheat Futures,ZW=F,2026-06-01,360.6,14
Wheat Futures,ZW=F,2026-06-02,359.86,15
Wheat Futures,ZW=F,2026-06-03,359.12,16
Wheat Futures,ZW=F,2026-06-04,358.38,17
Wheat Futures,ZW=F,2026-06-05,357.63,18
Wheat Futures,ZW=F,2026-06-08,356.89,19
Wheat Futures,ZW=F,2026-06-09,356.15,20
Wheat Futures,ZW=F,2026-06-10,355.41,21
Wheat Futures,ZW=F,2026-06-11,354.67,22
Wheat Futures,ZW=F,2026-06-12,353.92,23
Wheat Futures,ZW=F,2026-06-15,353.18,24
Wheat Futures,ZW=F,2026-06-16,352.44,25
Wheat Futures,ZW=F,2026-06-17,351.7,26
Wheat Futures,ZW=F,2026-06-18,350.96,27
Wheat Futures,ZW=F,2026-06-19,350.21,28
Wheat Futures,ZW=F,2026-06-22,349.47,29
Wheat Futures,ZW=F,2026-06-23,348.73,30
Soybean Futures,ZS=F,2026-05-13,644.56,1
Soybean Futures,ZS=F,2026-05-14,644.03,2
Soybean Futures,ZS=F,2026-05-15,643.49,3
Soybean Futures,ZS=F,2026-05-18,642.96,4
Soybean Futures,ZS=F,2026-05-19,642.43,5
Soybean Futures,ZS=F,2026-05-20,641.9,6
Soybean Futures,ZS=F,2026-05-21,641.37,7
Soybean Futures,ZS=F,2026-05-22,640.83,8
Soybean Futures,ZS=F,2026-05-25,640.3,9
Soybean Futures,ZS=F,2026-05-26,639.77,10
Soybean Futures,ZS=F,2026-05-27,639.24,11
Soybean Futures,ZS=F,2026-05-28,638.71,12
Soybean Futures,ZS=F,2026-05-29,638.18,13
Soybean Futures,ZS=F,2026-06-01,637.64,14
Soybean Futures,ZS=F,2026-06-02,637.11,15
Soybean Futures,ZS=F,2026-06-03,636.58,16
Soybean Futures,ZS=F,2026-06-04,636.05,17
Soybean Futures,ZS=F,2026-06-05,635.52,18
Soybean Futures,ZS=F,2026-06-08,634.98,19
Soybean Futures,ZS=F,2026-06-09,634.45,20
Soybean Futures,ZS=F,2026-06-10,633.92,21
Soybean Futures,ZS=F,2026-06-11,633.39,22
Soybean Futures,ZS=F,2026-06-12,632.86,23
Soybean Futures,ZS=F,2026-06-15,632.32,24
Soybean Futures,ZS=F,2026-06-16,631.79,25
Soybean Futures,ZS=F,2026-06-17,631.26,26
Soybean Futures,ZS=F,2026-06-18,630.73,27
Soybean Futures,ZS=F,2026-06-19,630.2,28
Soybean Futures,ZS=F,2026-06-22,629.66,29
Soybean Futures,ZS=F,2026-06-23,629.13,30
